City_ID,City,Country,Lat,Lng,Max Temp,Humidity,Cloudiness,Wind Speed,Current Description
0,Namatanai,PG,-3.6667,152.4333,84.63,69,55,5.46,broken clouds
1,Mar Del Plata,AR,-38.0023,-57.5575,72.09,90,72,13.0,broken clouds
2,Leningradskiy,RU,69.3833,178.4167,-28.3,97,98,6.31,overcast clouds
3,Punta Arenas,CL,-53.15,-70.9167,50.11,53,75,26.46,broken clouds
4,Port Elizabeth,ZA,-33.918,25.5701,62.89,88,0,5.75,clear sky
5,Port-Gentil,GA,-0.7193,8.7815,81.23,80,88,6.13,overcast clouds
6,Hervey Bay,AU,-25.2986,152.8535,84.04,67,2,8.01,clear sky
7,Atuona,PF,-9.8,-139.0333,78.8,74,17,16.71,few clouds
8,Kodiak,US,57.79,-152.4072,20.71,38,0,25.32,clear sky
9,Zhezkazgan,KZ,47.8043,67.7144,12.94,99,99,5.3,overcast clouds
10,Cidreira,BR,-30.1811,-50.2056,71.74,72,66,13.18,broken clouds
11,Albany,US,42.6001,-73.9662,39.67,64,66,4.45,broken clouds
12,Biak,ID,-0.9131,122.8766,79.95,77,99,0.67,overcast clouds
13,Saint George,US,37.1041,-113.5841,66.94,19,0,11.99,clear sky
14,Kapaa,US,22.0752,-159.319,80.58,70,34,5.01,scattered clouds
15,Moron,AR,-34.6534,-58.6198,75.99,74,2,9.33,clear sky
16,Luderitz,NA,-26.6481,15.1594,73.89,51,10,17.49,clear sky
17,Ushuaia,AR,-54.8,-68.3,49.66,46,75,19.57,broken clouds
18,Ust-Nera,RU,64.5667,143.2,-27.85,98,73,4.76,broken clouds
19,Grindavik,IS,63.8424,-22.4338,23.47,74,0,6.91,clear sky
20,Khani,GE,41.9563,42.9566,38.77,98,100,2.62,overcast clouds
21,Deputatskiy,RU,69.3,139.9,-28.19,85,95,6.73,overcast clouds
22,Mabaruma,GY,8.2,-59.7833,72.12,85,44,3.27,scattered clouds
23,Busselton,AU,-33.65,115.3333,68.04,55,10,11.34,clear sky
24,Faya,SA,18.3851,42.4509,57.31,83,1,4.23,clear sky
25,Narsaq,GL,60.9167,-46.05,16.02,71,98,9.78,overcast clouds
26,Hamilton,US,39.1834,-84.5333,47.17,53,99,1.99,overcast clouds
27,Airai,TL,-8.9266,125.4092,67.93,80,99,0.98,overcast clouds
28,Taonan,CN,45.3333,122.7833,5.43,95,88,5.84,overcast clouds
29,Iqaluit,CA,63.7506,-68.5145,-23.31,67,28,15.99,scattered clouds
30,Cape Town,ZA,-33.9258,18.4232,69.89,83,75,3.44,broken clouds
31,Raga,SS,8.4596,25.678,71.62,22,56,5.01,broken clouds
32,Imbituba,BR,-28.24,-48.6703,75.09,85,63,5.46,broken clouds
33,Georgetown,MY,5.4112,100.3354,78.73,89,20,5.75,few clouds
34,Rikitea,PF,-23.1203,-134.9692,79.2,69,8,15.26,clear sky
35,Codrington,AU,-38.2667,141.9667,67.41,53,57,14.58,broken clouds
36,Inhambane,MZ,-23.865,35.3833,75.2,82,0,4.65,clear sky
37,Torbay,CA,47.6666,-52.7314,34.57,91,93,5.99,overcast clouds
38,Uppsala,SE,60.0,17.75,35.04,64,1,13.8,clear sky
39,Bambous Virieux,MU,-20.3428,57.7575,74.21,75,81,6.02,broken clouds
40,Jamestown,US,42.097,-79.2353,41.29,10,95,12.71,overcast clouds
41,Port Alfred,ZA,-33.5906,26.891,65.64,85,5,9.98,clear sky
42,Barrow,US,71.2906,-156.7887,-25.69,96,88,10.6,overcast clouds
43,Kaitangata,NZ,-46.2817,169.8464,62.13,95,99,5.03,overcast clouds
44,West Lafayette,US,40.4259,-86.9081,39.11,81,100,8.01,overcast clouds
45,Vaini,TO,-21.2,-175.2,80.42,83,41,18.7,light rain
46,Ondjiva,AO,-17.0667,15.7333,68.88,85,91,7.67,light rain
47,Longyearbyen,SJ,78.2186,15.6401,12.04,79,20,5.75,few clouds
48,Salvador,SV,13.8333,-88.9167,76.05,42,85,1.01,overcast clouds
49,Broken Hill,AU,-31.95,141.4333,74.39,43,7,20.2,clear sky
50,Lata,PT,40.1629,-8.3327,48.72,69,9,3.06,clear sky
51,Dikson,RU,73.5069,80.5464,4.59,94,99,20.74,overcast clouds
52,Tiksi,RU,71.6872,128.8694,-12.68,93,100,13.06,overcast clouds
53,Acapulco,MX,16.8634,-99.8901,79.29,62,0,7.0,clear sky
54,Hermanus,ZA,-34.4187,19.2345,67.89,89,71,2.3,broken clouds
55,Jurm,AF,36.8648,70.8342,27.1,63,100,5.7,overcast clouds
56,Bluff,NZ,-46.6,168.3333,73.8,89,71,3.11,broken clouds
57,Bonavista,CA,48.6499,-53.1147,36.12,91,100,14.7,overcast clouds
58,College,US,64.8569,-147.8028,-2.54,76,100,0.0,light snow
59,Ponta Do Sol,PT,32.6667,-17.1,68.13,55,100,5.1,overcast clouds
60,Outlook,CA,51.5001,-107.0513,33.53,98,95,9.26,overcast clouds
61,Sitka,US,57.0531,-135.33,44.49,87,100,14.97,light rain
62,Leshan,CN,29.5623,103.7639,40.17,88,97,2.73,overcast clouds
63,Mataura,NZ,-46.1927,168.8643,73.47,68,92,2.66,overcast clouds
64,Mount Gambier,AU,-37.8333,140.7667,66.11,63,100,13.8,overcast clouds
65,Hobart,AU,-42.8794,147.3294,74.26,45,40,18.41,scattered clouds
66,Bathsheba,BB,13.2167,-59.5167,77.61,73,40,18.41,scattered clouds
67,North Bend,US,43.4065,-124.2243,63.91,100,70,1.01,broken clouds
68,Saint-Philippe,RE,-21.3585,55.7679,74.79,80,68,3.47,broken clouds
69,Kijang,KR,35.2442,129.2139,43.02,49,100,5.28,overcast clouds
70,Upata,VE,8.0086,-62.3989,80.19,65,82,3.47,broken clouds
71,Kristinehamn,SE,59.3098,14.1081,38.03,71,6,19.15,clear sky
72,Kavieng,PG,-2.5744,150.7967,83.53,73,48,5.93,scattered clouds
73,Upernavik,GL,72.7868,-56.1549,-14.1,79,100,12.12,overcast clouds
74,Karpathos,GR,35.507,27.2132,49.96,57,2,41.43,clear sky
75,Chuy,UY,-33.6971,-53.4616,65.79,75,22,8.32,few clouds
76,Basco,PH,20.4487,121.9702,74.93,82,18,12.97,few clouds
77,Surab,PK,28.4914,66.2585,38.3,28,0,6.62,clear sky
78,Comonfort,MX,20.7167,-100.7667,70.21,24,5,6.38,clear sky
79,Yaan,NG,7.3833,8.5667,80.78,12,1,4.97,clear sky
80,Kautokeino,NO,69.0125,23.0412,19.02,95,100,9.64,overcast clouds
81,Baghdad,IQ,33.3406,44.4009,61.95,31,83,24.0,broken clouds
82,Sosnovo-Ozerskoye,RU,52.5249,111.5418,-15.12,99,100,3.53,overcast clouds
83,Nikolskoye,RU,59.7035,30.7861,35.71,97,100,11.7,snow
84,Yanam,IN,16.7333,82.2167,66.99,83,34,2.89,scattered clouds
85,Viedma,AR,-40.8135,-62.9967,82.04,37,94,6.08,overcast clouds
86,Mehamn,NO,71.0357,27.8492,18.63,87,37,11.36,scattered clouds
87,Sobolevo,RU,54.4299,31.8996,30.06,98,100,12.66,snow
88,Komsomolskiy,UZ,40.4272,71.7189,35.02,74,100,1.14,overcast clouds
89,Ahipara,NZ,-35.1667,173.1667,79.72,67,77,12.39,broken clouds
90,Olavarria,AR,-36.8927,-60.3225,65.52,64,2,8.46,clear sky
91,Frontera,MX,26.9333,-101.45,68.32,20,23,4.0,few clouds
92,Butaritari,KI,3.0707,172.7902,81.72,78,78,13.82,light rain
93,San Andres,CO,12.5847,-81.7006,79.88,68,11,14.47,few clouds
94,Port Keats,AU,-14.25,129.55,83.89,72,56,7.78,broken clouds
95,Yellowknife,CA,62.456,-114.3525,-7.58,87,100,17.27,light snow
96,Adrar,MR,20.5022,-10.0711,64.49,13,1,12.17,clear sky
97,Sao Miguel Do Araguaia,BR,-13.275,-50.1628,74.52,86,99,0.96,overcast clouds
98,Itoman,JP,26.1247,127.6694,66.22,82,75,18.41,broken clouds
99,Ixtapa,MX,20.7,-105.2,74.23,77,1,4.0,clear sky
100,Qaanaaq,GL,77.484,-69.3632,-21.24,74,99,7.34,overcast clouds
101,Ribeira Grande,PT,38.5167,-28.7,59.63,72,0,16.2,clear sky
102,Praya,CV,14.9215,-23.5087,73.94,60,0,11.5,clear sky
103,Batemans Bay,AU,-35.7167,150.1833,90.19,44,8,6.29,clear sky
104,San Juan,AR,-31.5375,-68.5364,88.18,24,23,16.26,few clouds
105,Boguchany,RU,58.3814,97.4531,-25.89,100,55,1.77,broken clouds
106,Steamboat Springs,US,40.485,-106.8317,35.31,63,100,10.36,overcast clouds
107,Saint-Pierre,RE,-21.3393,55.4781,74.88,64,100,5.75,overcast clouds
108,Tuktoyaktuk,CA,69.4541,-133.0374,-17.12,89,100,13.94,overcast clouds
109,Adela,PH,12.4416,120.9729,80.19,65,9,5.88,clear sky
110,Haines Junction,CA,60.7522,-137.5108,37.49,82,33,12.48,scattered clouds
111,Hilo,US,19.7297,-155.09,76.8,81,48,5.99,scattered clouds
112,Castro,BR,-24.7911,-50.0119,61.05,95,9,8.57,clear sky
113,New Norfolk,AU,-42.7826,147.0587,73.92,33,40,7.4,scattered clouds
114,Provideniya,RU,64.3833,-173.3,-2.09,65,0,17.9,clear sky
115,Puerto Ayora,EC,-0.7393,-90.3518,74.32,77,54,8.05,broken clouds
116,La Asuncion,VE,11.0333,-63.8628,89.33,51,14,12.66,few clouds
117,Victoria,HK,22.2855,114.1577,63.32,82,96,8.01,overcast clouds
118,Kaohsiung,TW,22.6163,120.3133,64.35,90,40,3.0,mist
119,Castlemaine,AU,-37.0667,144.2167,70.05,51,86,6.87,overcast clouds
120,Morristown,US,36.214,-83.2949,55.54,35,100,8.05,overcast clouds
121,Thompson,CA,55.7435,-97.8558,-12.12,97,63,2.82,broken clouds
122,Aykhal,RU,66.0,111.5,-6.59,78,100,2.44,overcast clouds
123,Hithadhoo,MV,-0.6,73.0833,81.57,74,59,11.39,broken clouds
124,Pacific Grove,US,36.6177,-121.9166,76.3,41,46,1.01,scattered clouds
125,Nandura,IN,20.8333,76.45,64.02,40,21,3.38,few clouds
126,Oranjemund,NA,-28.55,16.4333,64.11,87,0,8.14,clear sky
127,Margate,GB,51.3813,1.3862,48.96,86,94,3.0,overcast clouds
128,Along,IN,28.1667,94.7667,52.16,96,99,1.81,overcast clouds
129,East London,ZA,-33.0153,27.9116,68.34,77,0,5.41,clear sky
130,Zhigansk,RU,66.7697,123.3711,-33.47,97,98,8.41,overcast clouds
131,Chacabuco,AR,-34.6417,-60.4739,69.67,41,0,6.15,clear sky
132,Placido De Castro,BR,-10.3353,-67.1856,76.05,86,70,4.65,broken clouds
133,Uruburetama,BR,-3.625,-39.5083,73.96,85,64,2.19,broken clouds
134,Vallenar,CL,-28.5708,-70.7581,70.3,60,0,5.64,clear sky
135,Portobelo,PA,9.55,-79.65,79.86,88,58,8.52,broken clouds
136,Arraial Do Cabo,BR,-22.9661,-42.0278,70.36,89,100,5.88,overcast clouds
137,Aqtobe,KZ,50.2797,57.2072,10.49,85,20,4.47,few clouds
138,Mitsamiouli,KM,-11.3847,43.2844,81.23,75,84,11.92,broken clouds
139,Lahat,ID,-3.8,103.5333,71.76,82,100,1.88,overcast clouds
140,Port Blair,IN,11.6667,92.75,77.25,77,59,11.03,broken clouds
141,Arrecife,ES,28.963,-13.5477,71.58,43,0,5.75,clear sky
142,Faanui,PF,-16.4833,-151.75,81.28,76,37,14.05,light rain
143,Sao Filipe,CV,14.8961,-24.4956,76.35,60,72,3.11,broken clouds
144,Saint-Leu,RE,-21.15,55.2833,74.26,79,61,3.24,broken clouds
145,Kahului,US,20.8947,-156.47,83.46,72,23,7.0,few clouds
146,Avarua,CK,-21.2078,-159.775,82.45,78,75,13.8,broken clouds
147,Geraldton,AU,-28.7667,114.6,70.21,64,0,9.22,clear sky
148,Los Llanos De Aridane,ES,28.6585,-17.9182,65.95,56,0,9.22,clear sky
149,Tazmalt,DZ,36.3868,4.3989,47.25,68,0,4.85,clear sky
150,Port Macquarie,AU,-31.4333,152.9167,82.89,47,0,2.53,clear sky
151,Bara,NG,10.3744,10.7288,70.23,11,33,10.38,scattered clouds
152,Bethel,US,41.3712,-73.414,37.51,70,17,4.72,few clouds
153,San Felipe,VE,10.3399,-68.7425,68.97,92,82,3.4,broken clouds
154,Vanimo,PG,-2.6741,141.3028,82.42,77,92,1.32,overcast clouds
155,Husavik,IS,66.0449,-17.3389,16.93,67,98,13.62,overcast clouds
156,Namibe,AO,-15.1961,12.1522,72.57,82,99,7.78,overcast clouds
157,Grants,US,35.1473,-107.8514,50.23,17,0,6.91,clear sky
158,Tari,NG,12.4086,4.4914,73.76,12,1,11.79,clear sky
159,Nam Som,TH,17.7704,102.1895,74.41,67,54,3.22,broken clouds
160,Kitgum,UG,3.2783,32.8867,74.82,33,98,3.85,overcast clouds
161,Ravar,IR,31.2656,56.8055,47.86,26,0,1.81,clear sky
162,Alofi,NU,-19.0595,-169.9187,80.78,75,55,10.71,broken clouds
163,Myitkyina,MM,25.3833,97.4,50.9,75,9,2.42,clear sky
164,Dubna,RU,56.7333,37.1667,21.0,97,92,5.41,overcast clouds
165,Guerrero Negro,MX,27.9769,-114.0611,69.04,35,20,10.6,few clouds
166,Half Moon Bay,US,37.4636,-122.4286,76.3,30,0,17.27,clear sky
167,Hasaki,JP,35.7333,140.8333,39.6,76,100,15.1,overcast clouds
168,Namwala,ZM,-15.7504,26.4384,65.05,97,95,2.8,overcast clouds
169,George,ZA,-33.963,22.4617,67.84,77,42,4.18,scattered clouds
170,Chokurdakh,RU,70.6333,147.9167,-25.6,99,95,11.25,overcast clouds
171,Luanda,AO,-8.8368,13.2343,75.83,82,77,6.2,broken clouds
172,Avera,US,33.194,-82.5271,54.54,50,0,5.28,clear sky
173,Nabire,ID,-3.3667,135.4833,77.63,89,100,1.3,overcast clouds
174,Olga,RU,43.7444,135.2892,21.87,68,65,3.06,broken clouds
175,Rio Gallegos,AR,-51.6226,-69.2181,59.05,20,40,23.02,scattered clouds
176,Vila Velha,BR,-20.3297,-40.2925,73.94,86,90,7.0,overcast clouds
177,Makakilo City,US,21.3469,-158.0858,79.68,58,17,7.27,few clouds
178,Jalu,LY,29.0331,21.5482,50.5,54,22,11.18,few clouds
179,Kaduna,NG,10.5222,7.4383,69.55,10,7,9.71,clear sky
180,Daru,PG,-9.0763,143.2092,82.6,81,90,7.02,light rain
181,Praia Da Vitoria,PT,38.7333,-27.0667,55.76,85,3,17.0,clear sky
182,Bangangte,CM,5.1409,10.5198,63.66,69,59,3.78,broken clouds
183,Inverness,GB,57.4791,-4.224,37.22,90,75,14.97,broken clouds
184,Sao Jose De Ribamar,BR,-2.5619,-44.0542,79.23,81,50,10.85,scattered clouds
185,Pinellas Park,US,27.8428,-82.6995,59.05,66,0,9.22,clear sky
186,Egvekinot,RU,66.3167,-179.1667,-21.1,88,29,7.29,scattered clouds
187,Panguna,PG,-6.3164,155.4848,79.65,73,68,2.33,light rain
188,Wainwright,CA,52.839,-110.8572,34.9,90,92,12.93,overcast clouds
189,Quthing,LS,-30.4,27.7003,64.83,53,32,2.53,scattered clouds
190,Krasnoselkup,RU,65.7,82.4667,-12.14,87,46,9.4,scattered clouds
191,Aklavik,CA,68.2191,-135.0107,-18.71,95,100,9.24,overcast clouds
192,Salinopolis,BR,-0.6136,-47.3561,77.58,87,73,6.44,broken clouds
193,Laguna,US,38.421,-121.4238,78.66,41,0,4.61,clear sky
194,Cayenne,GF,4.9333,-52.3333,76.08,91,75,1.01,broken clouds
195,Bandarbeyla,SO,9.4942,50.8122,73.36,68,82,15.77,broken clouds
196,Great Bend,US,38.3645,-98.7648,56.03,26,15,6.38,few clouds
197,Phan Thiet,VN,10.9333,108.1,75.69,76,90,7.52,overcast clouds
198,Pevek,RU,69.7008,170.3133,-31.95,99,100,5.73,overcast clouds
199,Non Sang,TH,16.8687,102.5664,76.89,62,28,3.58,scattered clouds
200,Bredasdorp,ZA,-34.5322,20.0403,64.27,85,84,3.94,light rain
201,Malakal,SS,9.5334,31.6605,80.55,21,4,8.52,clear sky
202,Notre-Dame-Du-Lac,CA,47.6136,-68.7964,28.26,95,100,4.43,overcast clouds
203,Saldanha,ZA,-33.0117,17.9442,64.42,91,2,1.92,clear sky
204,Ancud,CL,-41.8697,-73.8203,60.33,79,100,7.74,overcast clouds
205,Coari,BR,-4.085,-63.1414,72.5,97,95,1.39,overcast clouds
206,Shakhtinsk,KZ,49.71,72.5872,-10.64,100,98,3.04,overcast clouds
207,Taoudenni,ML,22.6783,-3.9836,65.64,19,0,13.24,clear sky
208,Aginskoye,RU,51.1,114.53,-7.24,99,91,3.91,overcast clouds
209,Bilibino,RU,68.0546,166.4372,-33.83,100,88,0.67,overcast clouds
210,Lahij,YE,13.1667,44.5833,68.04,82,16,7.09,few clouds
211,Ha Giang,VN,22.8333,104.9833,59.09,98,100,2.39,overcast clouds
212,Dukat,RU,62.55,155.55,-15.7,76,64,3.76,broken clouds
213,Harper,LR,4.375,-7.7169,78.91,87,68,8.5,broken clouds
214,Kenora,CA,49.8167,-94.4337,12.18,72,100,13.0,overcast clouds
215,San Quintin,MX,30.4833,-115.95,67.44,38,15,5.01,few clouds
216,Baleshwar,IN,21.4942,86.9317,64.89,80,1,5.97,clear sky
217,Lebu,CL,-37.6167,-73.65,59.99,78,2,21.34,clear sky
218,Mildura,AU,-34.2,142.15,68.07,59,49,15.28,scattered clouds
219,Dicabisagan,PH,17.0818,122.4157,76.73,80,93,3.58,overcast clouds
220,San Rafael,AR,-34.6177,-68.3301,84.92,20,3,15.21,clear sky
221,Hovin,NO,63.1055,10.225,34.95,82,100,16.89,snow
222,Tasiilaq,GL,65.6145,-37.6368,12.36,55,86,9.73,overcast clouds
223,Brookhaven,US,31.5791,-90.4407,56.35,66,6,4.21,clear sky
224,Kiama,AU,-34.6833,150.8667,89.26,53,10,5.99,clear sky
225,Kashan,IR,33.9831,51.4364,48.06,26,5,1.1,clear sky
226,Salalah,OM,17.0151,54.0924,65.59,30,1,9.84,clear sky
227,Warrnambool,AU,-38.3833,142.4833,68.81,58,81,12.84,broken clouds
228,Esperance,AU,-33.8667,121.9,67.6,69,14,12.1,few clouds
229,Nuristan,AF,35.3,70.8333,-0.44,52,9,12.08,clear sky
230,Okhotsk,RU,59.3833,143.3,9.05,78,100,9.64,overcast clouds
231,Camana,PE,-16.6228,-72.7111,70.72,76,19,6.15,few clouds
232,Atalaia,BR,-9.5019,-36.0228,75.94,83,39,5.39,scattered clouds
233,Caconda,AO,-13.7333,15.0667,56.25,92,100,1.68,overcast clouds
234,Chabahar,IR,25.2919,60.643,68.4,55,0,2.62,clear sky
235,Mahibadhoo,MV,3.7833,72.9667,80.73,75,32,8.9,scattered clouds
236,Watsa,CD,3.0372,29.5355,66.24,45,54,3.0,broken clouds
237,Saint Anthony,US,45.0205,-93.218,30.13,72,100,7.0,overcast clouds
238,Cabo San Lucas,MX,22.8909,-109.9124,76.6,43,40,7.02,scattered clouds
239,Ostrovnoy,RU,68.0531,39.5131,24.37,86,66,19.13,broken clouds
240,Axim,GH,4.8699,-2.2405,77.67,91,41,4.94,scattered clouds
241,Miraflores,MX,19.2167,-98.8083,65.03,50,24,5.95,few clouds
242,Nador,MA,35.174,-2.9287,57.45,77,20,4.61,few clouds
243,Savannakhet,LA,16.566,104.751,67.42,86,40,3.42,scattered clouds
244,Bojnurd,IR,37.4747,57.329,38.41,49,2,7.9,clear sky
245,Tessalit,ML,20.1986,1.0114,65.39,9,0,8.25,clear sky
246,Qaqortoq,GL,60.7167,-46.0333,16.3,71,95,9.95,overcast clouds
247,Alice Springs,AU,-23.7,133.8833,80.15,34,55,12.66,broken clouds
248,Oktyabrskoye,RU,43.0645,44.7417,33.94,93,100,4.47,light snow
249,Kholmogory,RU,64.2229,41.656,23.11,96,100,6.76,light snow
250,Vostok,RU,46.4856,135.8833,8.87,79,43,1.88,scattered clouds
251,Bitkine,TD,11.9801,18.2138,66.2,11,2,6.6,clear sky
252,Saskylakh,RU,71.9167,114.0833,-4.97,95,74,10.45,broken clouds
253,Norman Wells,CA,65.282,-126.8329,-8.75,91,100,3.8,overcast clouds
254,Ilebo,CD,-4.3167,20.5833,71.65,89,99,0.85,overcast clouds
255,Khandyga,RU,62.6667,135.6,-37.53,100,77,0.63,broken clouds
256,Opuwo,NA,-18.0607,13.84,66.49,87,100,5.93,moderate rain
257,Santa Lucia,ES,27.9117,-15.5407,69.76,56,0,2.3,clear sky
258,Domoni,KM,-12.2569,44.5319,79.02,85,100,8.81,light rain
259,Kruisfontein,ZA,-34.0033,24.7314,61.25,84,0,6.13,clear sky
260,Hat Yai,TH,7.0084,100.4767,75.38,94,20,0.0,few clouds
261,Davila,PH,18.4726,120.5763,77.56,78,57,11.21,broken clouds
262,Necochea,AR,-38.5473,-58.7368,72.03,57,24,9.86,few clouds
263,Ilulissat,GL,69.2167,-51.1,15.82,79,40,19.57,scattered clouds
264,San Patricio,US,28.017,-97.5169,70.21,40,2,7.27,clear sky
265,Mana,GF,5.6592,-53.7767,76.84,82,42,7.38,scattered clouds
266,Nanga Eboko,CM,4.6833,12.3667,66.15,32,44,3.42,scattered clouds
267,Aswan,EG,24.0934,32.907,56.57,47,0,16.31,clear sky
268,Belmopan,BZ,17.25,-88.7667,76.3,94,41,1.14,scattered clouds
269,Khatanga,RU,71.9667,102.5,-4.94,94,99,13.67,overcast clouds
270,Pasni,PK,25.2631,63.471,69.46,29,0,9.75,clear sky
271,Cabedelo,BR,-6.9811,-34.8339,79.63,71,83,12.48,broken clouds
272,Topolevo,RU,48.4994,135.1975,-8.88,83,97,4.47,mist
273,Koygorodok,RU,60.445,50.9968,20.61,94,100,7.4,overcast clouds
274,Sisian,AM,39.5256,46.0251,25.16,86,5,5.14,clear sky
275,Isangel,VU,-19.55,169.2667,77.61,96,100,40.18,heavy intensity rain
276,Baiyin,CN,36.5583,104.2081,21.11,83,98,0.38,overcast clouds
277,Zelenoborsk,RU,61.4669,64.0333,7.75,95,87,10.31,overcast clouds
278,Bowen,AU,-20.0167,148.2333,81.41,63,15,2.15,few clouds
279,Gazojak,TM,41.1875,61.4036,37.15,63,1,11.74,clear sky
280,Coahuayana,MX,18.7333,-103.6833,85.48,49,0,4.74,clear sky
281,Vrangel,RU,42.7297,133.0839,28.0,76,56,3.71,broken clouds
282,Carnarvon,AU,-24.8667,113.6333,79.74,57,0,10.67,clear sky
283,Vardo,NO,70.3705,31.1107,28.45,79,97,21.18,overcast clouds
284,Nuuk,GL,64.1835,-51.7216,22.87,92,100,24.0,overcast clouds
285,Sao Joao Da Barra,BR,-21.6403,-41.0511,69.69,92,100,10.87,overcast clouds
286,Padang,ID,-0.9492,100.3543,75.25,62,100,5.32,overcast clouds
287,Ukiah,US,39.1502,-123.2078,76.66,33,98,1.01,overcast clouds
288,Palmer,US,42.1584,-72.3287,37.81,63,40,8.05,scattered clouds
289,Morant Bay,JM,17.8815,-76.4093,80.22,84,20,5.12,few clouds
290,Pisco,PE,-13.7,-76.2167,72.01,83,8,4.7,clear sky
291,Rio Cuarto,AR,-33.1307,-64.3499,72.68,33,2,11.56,clear sky
292,Erdenet,MN,49.0333,104.0833,-2.45,99,100,1.48,overcast clouds
293,Nome,US,64.5011,-165.4064,-12.84,76,100,3.89,overcast clouds
294,Hami,CN,42.8,93.45,26.01,38,100,5.26,overcast clouds
295,Odienne,CI,9.51,-7.5692,75.65,18,0,2.86,clear sky
296,Wolgast,DE,54.05,13.7667,40.86,90,54,11.43,broken clouds
297,Constitucion,CL,-35.3333,-72.4167,60.01,82,9,10.33,clear sky
298,Pangai,TO,-19.8,-174.35,82.51,74,75,13.8,broken clouds
299,Saint-Francois,FR,46.4154,3.9054,36.68,86,0,4.61,clear sky
300,Poya,NC,-21.35,165.15,80.62,92,100,12.55,overcast clouds
301,Sa Kaeo,TH,13.75,102.3333,78.39,68,22,5.1,few clouds
302,Mahebourg,MU,-20.4081,57.7,74.25,74,78,5.68,broken clouds
303,Formosa,AR,-26.1775,-58.1781,77.63,33,0,3.67,clear sky
304,Sechura,PE,-5.5569,-80.8222,75.47,61,95,15.61,overcast clouds
305,Hit,IQ,33.6416,42.8251,61.39,40,53,19.44,broken clouds
306,Batagay-Alyta,RU,67.8006,130.4114,-28.5,90,53,4.43,broken clouds
307,Sistranda,NO,63.7256,8.834,38.89,57,91,34.43,overcast clouds
308,Zuenoula,CI,7.4292,-6.0431,75.78,33,1,3.2,clear sky
309,Sumbe,AO,-11.2061,13.8437,75.38,79,100,6.4,overcast clouds
310,Tuatapere,NZ,-46.1333,167.6833,73.81,50,25,1.3,scattered clouds
311,Mandera,KE,3.9366,41.867,77.36,24,67,7.45,broken clouds
312,Udachnyy,RU,66.4167,112.4,-4.56,76,100,3.04,overcast clouds
313,Lagoa,PT,39.05,-27.9833,58.75,69,1,16.53,clear sky
314,Porto Novo,BJ,6.4965,2.6036,77.76,89,37,5.35,scattered clouds
315,Nyurba,RU,63.2842,118.3319,-34.2,100,99,1.28,overcast clouds
316,Erzin,TR,36.9559,36.2,43.32,84,92,3.65,overcast clouds
317,Byron Bay,AU,-28.65,153.6167,82.06,59,2,7.18,clear sky
318,Palu,ID,-0.8917,119.8707,76.66,93,100,1.12,overcast clouds
319,Flin Flon,CA,54.7682,-101.865,5.25,97,95,3.06,overcast clouds
320,Somvarpet,IN,12.6,75.8667,57.36,78,15,3.09,few clouds
321,Russell,US,32.3502,-85.1999,55.11,55,0,4.27,clear sky
322,Sabha,LY,27.0377,14.4283,46.85,57,0,12.93,clear sky
323,Katsuura,JP,35.1333,140.3,41.18,83,100,17.78,overcast clouds
324,Mount Isa,AU,-20.7333,139.5,87.57,55,31,10.36,scattered clouds
325,Nurota,UZ,40.5614,65.6886,33.89,42,1,6.22,clear sky
326,Tampakan,PH,6.4442,124.9264,80.49,71,97,1.3,overcast clouds
327,Bitung,ID,1.4451,125.1824,77.85,82,98,7.45,overcast clouds
328,Magalia,US,39.8121,-121.5783,76.55,44,23,5.12,few clouds
329,Severo-Kurilsk,RU,50.6789,156.125,30.94,77,100,20.45,overcast clouds
330,Monrovia,LR,6.3005,-10.7969,79.07,85,2,5.64,clear sky
331,Tilichiki,RU,60.4667,166.1,-10.8,76,9,5.99,clear sky
332,Touros,BR,-5.1989,-35.4608,79.86,70,63,10.63,broken clouds
333,Sayyan,YE,15.1718,44.3244,50.65,35,0,1.07,clear sky
334,Sangre Grande,TT,10.5835,-61.1177,77.05,85,37,6.62,scattered clouds
335,Dalby,AU,-27.1833,151.2667,77.97,48,0,3.0,clear sky
336,Bonnyville,CA,54.2668,-110.735,34.57,90,92,10.22,overcast clouds
337,Beringovskiy,RU,63.05,179.3167,-16.64,86,6,9.78,clear sky
338,Nhulunbuy,AU,-12.2333,136.7667,88.41,70,40,14.97,scattered clouds
339,Tigil,RU,57.8,158.6667,2.05,90,14,1.34,few clouds
340,The Valley,AI,18.217,-63.0578,78.1,67,18,21.12,few clouds
341,Havelock,US,34.8791,-76.9013,49.95,85,1,1.74,clear sky
342,Stromness,GB,58.965,-3.296,35.56,70,100,31.47,overcast clouds
343,Havre-Saint-Pierre,CA,50.2334,-63.5986,20.62,94,59,4.76,broken clouds
344,Chegdomyn,RU,51.1167,133.0167,0.75,95,100,0.83,overcast clouds
345,Bengkulu,ID,-3.8004,102.2655,76.46,65,100,2.15,overcast clouds
346,Barreirinha,BR,-2.7933,-57.07,75.16,95,100,1.21,light rain
347,Naze,JP,28.3667,129.4833,58.53,83,100,15.57,overcast clouds
348,Kungurtug,RU,50.5994,97.5228,-19.37,99,100,1.12,overcast clouds
349,Gravdal,NO,68.1214,13.5031,37.22,74,98,27.85,overcast clouds
350,Hambantota,LK,6.1241,81.1185,74.61,82,100,5.32,light rain
351,San Benito,US,36.6166,-121.0844,64.65,45,43,3.29,scattered clouds
352,Megion,RU,61.0296,76.1136,-13.99,100,16,6.96,few clouds
353,Viramgam,IN,23.1225,72.0484,62.83,47,1,8.39,clear sky
354,Benjamin Aceval,PY,-24.9667,-57.5667,77.7,37,30,2.68,scattered clouds
355,Ntcheu,MW,-14.8203,34.6359,64.42,93,100,1.5,overcast clouds
356,Mariestad,SE,58.7097,13.8237,37.89,82,20,21.54,few clouds
357,Mohgaon,IN,21.65,78.7167,62.28,52,46,7.4,scattered clouds
358,Pontal,BR,-21.0225,-48.0372,68.63,94,73,4.83,broken clouds
359,Dongsheng,CN,39.8161,109.9776,17.91,65,2,9.31,clear sky
360,Green Valley,US,31.8543,-110.9937,74.52,8,0,1.99,clear sky
361,Atar,MR,20.5169,-13.0499,69.84,11,2,9.6,clear sky
362,La Ronge,CA,55.1001,-105.2842,11.64,97,100,3.4,overcast clouds
363,Solnechnyy,RU,50.7214,136.6319,3.94,94,100,1.25,overcast clouds
364,Dickinson,US,29.4608,-95.0513,69.17,59,0,6.91,clear sky
365,Ostroleka,PL,53.0862,21.5757,46.92,90,100,15.79,overcast clouds
366,Acajutla,SV,13.5928,-89.8275,82.8,61,69,7.96,broken clouds
367,Elko,US,41.0002,-115.5012,50.02,64,54,4.0,broken clouds
368,Belmonte,BR,-15.8631,-38.8828,81.1,85,3,6.62,clear sky
369,Kraskino,RU,42.7114,130.7794,22.98,75,67,3.6,broken clouds
370,Gayeri,BF,12.6497,0.4931,75.38,10,0,8.81,clear sky
371,Hagere Hiywet,ET,8.9833,37.85,58.57,51,48,4.25,scattered clouds
372,Carballo,ES,43.213,-8.691,52.86,88,18,3.6,light rain
373,Gorin,RU,51.1983,136.6669,-4.7,98,100,0.69,overcast clouds
374,Awbari,LY,26.5921,12.7805,47.41,46,4,10.04,clear sky
375,Kandrian,PG,-6.2167,149.55,86.34,63,59,4.72,broken clouds
376,Fairbanks,US,64.8378,-147.7164,-3.69,75,100,0.0,light snow
377,Pathein,MM,16.7833,94.7333,60.19,66,5,5.88,clear sky
378,Kara-Tyube,RU,44.6336,45.4369,40.17,82,100,16.37,overcast clouds
379,Goderich,CA,43.7501,-81.7165,38.21,98,100,13.87,overcast clouds
380,Batsfjord,NO,70.6345,29.7185,24.64,85,86,22.79,overcast clouds
381,Gunjur,GM,13.2019,-16.7339,75.9,53,43,9.73,scattered clouds
382,Gilbues,BR,-9.8317,-45.3439,78.3,62,97,3.6,overcast clouds
383,Caravelas,BR,-17.7125,-39.2481,77.74,86,3,6.08,clear sky
384,Berlevag,NO,70.8578,29.0864,25.0,83,75,23.89,broken clouds
385,Waipawa,NZ,-41.4122,175.5153,72.45,70,95,5.08,overcast clouds
386,Dogondoutchi,NE,13.6393,4.0287,72.73,12,1,9.73,clear sky
387,La Palma,US,33.8464,-118.0467,89.19,11,0,8.05,clear sky
388,Albemarle,US,35.3501,-80.2001,52.65,70,2,5.06,clear sky
389,Lamu,KE,-2.2717,40.902,79.02,89,63,12.44,broken clouds
390,Seoul,KR,37.5683,126.9778,29.71,38,100,1.1,overcast clouds
391,Manaure,CO,11.7751,-72.4445,80.98,64,59,18.07,broken clouds
392,Hay River,CA,60.8156,-115.7999,-0.44,78,100,12.66,snow
393,Conde,BR,-7.2597,-34.9075,80.06,74,0,8.05,clear sky
394,Odesskoye,RU,54.2111,72.9651,-18.06,100,12,7.11,few clouds
395,Hede,CN,33.7681,120.2517,35.71,81,8,4.0,clear sky
396,Hitiaa,PF,-17.6,-149.3,86.02,78,21,15.57,light rain
397,Saryg-Sep,RU,51.5,95.6,-26.27,98,73,3.53,broken clouds
398,Marawi,PH,7.9986,124.2928,66.65,90,100,3.38,overcast clouds
399,Mareeba,AU,-17.0,145.4333,83.48,59,30,1.59,scattered clouds
400,Talnakh,RU,69.4865,88.3972,-3.8,97,100,11.18,overcast clouds
401,Scottsbluff,US,41.8666,-103.6672,45.28,51,100,14.97,overcast clouds
402,Ust-Tsilma,RU,65.441,52.1498,16.25,88,100,12.66,overcast clouds
403,Griffith,US,41.5284,-87.4237,38.89,77,100,14.97,overcast clouds
404,Korla,CN,41.7597,86.1469,25.11,49,100,2.28,overcast clouds
405,Machilipatnam,IN,16.1667,81.1333,71.08,77,54,7.72,broken clouds
406,Vestmannaeyjar,IS,63.4427,-20.2734,26.51,71,45,21.16,scattered clouds
407,Carutapera,BR,-1.195,-46.02,75.7,91,67,4.99,broken clouds
408,Omboue,GA,-1.5746,9.2618,78.71,89,98,5.37,overcast clouds
409,Comodoro Rivadavia,AR,-45.8667,-67.5,76.86,18,0,18.41,clear sky
410,Islamabad,PK,33.7104,73.1338,46.83,67,0,4.81,clear sky
411,Bosaso,SO,11.2842,49.1816,71.83,65,56,3.91,broken clouds
412,Tiznit,MA,29.5833,-9.5,60.71,28,13,7.09,few clouds
413,Magole,TZ,-6.3667,37.3667,69.33,95,100,1.97,light rain
414,Kandalaksha,RU,67.162,32.4123,17.91,98,99,4.36,overcast clouds
415,Cairns,AU,-16.9167,145.7667,88.11,64,12,4.61,few clouds
416,Bawal,IN,28.0833,76.5833,50.58,89,0,2.46,clear sky
417,Quesnel,CA,52.9999,-122.5029,40.15,96,100,9.95,overcast clouds
418,Anadyr,RU,64.75,177.4833,-25.1,75,0,6.71,clear sky
419,Totma,RU,59.9747,42.7642,23.5,95,100,6.96,overcast clouds
420,Knysna,ZA,-34.0363,23.0471,69.4,76,41,4.45,scattered clouds
421,Birecik,TR,37.0294,37.9903,42.01,84,83,5.7,broken clouds
422,Wilhelmshaven,DE,53.5167,8.1333,45.99,95,96,6.82,overcast clouds
423,Tinskoy,RU,56.1525,96.9161,-26.43,100,95,1.81,overcast clouds
424,Marsh Harbour,BS,26.5412,-77.0636,72.21,82,62,13.13,broken clouds
425,Saint-Denis,FR,48.9167,2.3333,46.15,90,100,4.61,overcast clouds
426,Sveio,NO,59.5419,5.3518,41.02,71,100,22.95,overcast clouds
427,Sinjai,ID,-5.1241,120.253,74.77,94,100,3.13,moderate rain
428,Klaksvik,FO,62.2266,-6.589,34.72,64,100,20.02,overcast clouds
429,Kjopsvik,NO,68.097,16.3742,34.18,81,100,10.18,overcast clouds
430,La Ciotat,FR,43.1748,5.6045,48.45,87,10,1.61,clear sky
431,Gurupi,BR,-11.7292,-49.0686,72.61,94,99,3.8,overcast clouds
432,Skjervoy,NO,70.0311,20.9714,29.39,61,92,13.4,overcast clouds
433,Cervo,ES,43.6702,-7.4101,51.96,78,12,7.58,few clouds
434,Fukuma,JP,33.7667,130.4667,46.09,84,100,13.24,overcast clouds
435,Sibolga,ID,1.7427,98.7792,73.15,95,100,4.83,overcast clouds
436,Guadalupe Y Calvo,MX,26.1,-106.9667,51.1,27,83,7.09,broken clouds
437,Preobrazheniye,RU,42.9019,133.9064,27.3,66,45,2.48,scattered clouds
438,Ljubovija,RS,44.1894,19.3767,36.82,94,42,5.1,scattered clouds
439,Hofn,IS,64.2539,-15.2082,22.93,68,9,15.97,clear sky
440,Henties Bay,NA,-22.116,14.2845,67.86,83,1,5.61,clear sky
441,Forestville,US,38.8451,-76.875,49.53,59,0,3.44,clear sky
442,Asau,RO,46.4333,26.4,34.72,89,18,6.93,few clouds
443,Mozarlandia,BR,-14.7447,-50.5706,71.33,93,99,3.38,overcast clouds
444,Sao Raimundo Das Mangabeiras,BR,-7.0219,-45.4811,75.45,85,74,4.34,broken clouds
445,Eldorado,BR,-23.7869,-54.2836,76.08,57,1,2.1,clear sky
446,Maneadero,MX,31.7167,-116.5667,70.11,63,1,5.99,clear sky
447,Lompoc,US,34.6391,-120.4579,84.51,24,0,4.0,clear sky
448,Dera Bugti,PK,29.0307,69.151,54.79,31,0,2.3,clear sky
449,Mattawa,US,46.7379,-119.9028,64.4,67,23,4.14,few clouds
450,Tautira,PF,-17.7333,-149.15,86.02,79,25,14.83,moderate rain
451,Kurmanayevka,RU,52.5093,52.0675,19.6,89,100,15.43,snow
452,Lorengau,PG,-2.0226,147.2712,83.52,76,66,5.77,broken clouds
453,Mandurah,AU,-32.55,115.7,76.14,49,0,13.33,clear sky
454,Kangaatsiaq,GL,68.3065,-53.4641,-5.28,95,100,17.13,overcast clouds
455,Auki,SB,-8.7676,160.7034,81.79,84,94,10.18,overcast clouds
456,Chon Daen,TH,16.1895,100.8596,79.2,51,40,2.86,scattered clouds
457,Jieshi,CN,22.8134,115.8257,57.94,81,100,7.76,overcast clouds
458,Port Shepstone,ZA,-30.7414,30.455,75.34,80,100,9.06,overcast clouds
459,Ngunguru,NZ,-35.6167,174.5,77.16,84,81,10.76,broken clouds
460,Srednekolymsk,RU,67.45,153.6833,-38.87,98,89,7.11,overcast clouds
461,Quatre Cocos,MU,-20.2078,57.7625,74.08,76,81,6.71,broken clouds
462,Zell Am See,AT,47.3256,12.7944,29.77,22,8,6.33,clear sky
463,Wolsztyn,PL,52.1155,16.1171,46.98,100,100,1.99,overcast clouds
464,Tura,IN,25.5198,90.2201,58.21,64,61,3.18,broken clouds
465,Vityazevo,RU,44.9931,37.2719,37.81,87,75,7.0,broken clouds
466,Boston,US,42.3584,-71.0598,39.22,65,2,3.0,clear sky
467,Lethem,GY,3.3803,-59.7968,87.94,37,88,11.23,overcast clouds
468,Malanje,AO,-9.5402,16.341,60.91,93,73,3.91,broken clouds
469,Amboasary,MG,-25.0333,46.3833,75.42,90,22,4.56,few clouds
470,Ruidoso,US,33.3317,-105.673,53.06,18,0,10.36,clear sky
471,Mangan,IN,27.5167,88.5333,47.57,89,100,4.56,overcast clouds
472,Semirom,IR,31.4167,51.5667,28.54,50,0,3.09,clear sky
473,Knokke-Heist,BE,51.3333,3.3333,47.12,81,100,8.48,overcast clouds
474,Souillac,MU,-20.5167,57.5167,74.35,76,82,4.79,broken clouds
475,Gimli,CA,50.6336,-96.9907,2.57,95,97,7.49,overcast clouds
476,Parakou,BJ,9.3372,2.6303,77.56,16,77,5.7,broken clouds
477,Sola,VU,-13.8833,167.55,82.22,78,100,25.86,overcast clouds
478,Vestmanna,FO,62.1564,-7.1664,32.92,80,100,10.36,overcast clouds
479,Wajima,JP,37.4,136.9,41.22,73,100,12.86,overcast clouds
480,Butte,US,39.6499,-121.5677,80.15,43,22,5.1,few clouds
481,Clyde River,CA,70.4692,-68.5914,-18.17,76,100,18.41,light snow
482,Outjo,NA,-20.1167,16.15,65.98,87,100,7.16,overcast clouds
483,Saint Andrews,US,34.0454,-81.1293,52.59,55,0,3.44,clear sky
484,Rawson,AR,-43.3002,-65.1023,64.78,82,86,11.1,overcast clouds
485,Tocopilla,CL,-22.092,-70.1979,68.07,66,4,4.85,clear sky
486,Ulladulla,AU,-35.35,150.4667,88.88,39,6,3.89,clear sky
487,Barcelos,PT,41.5388,-8.6151,51.85,77,38,4.59,scattered clouds
488,Miguel Hidalgo,MX,19.4225,-99.2028,65.59,38,75,9.22,broken clouds
489,Vanavara,RU,60.34,102.2797,-28.14,100,60,3.11,broken clouds
490,Sorland,NO,67.667,12.6934,39.83,73,97,32.26,light rain
491,Kavaratti,IN,10.5669,72.642,79.81,72,100,15.95,overcast clouds
492,Natal,BR,-5.795,-35.2094,83.05,74,0,11.5,clear sky
493,Grabouw,ZA,-34.1515,19.0151,66.27,94,39,1.32,scattered clouds
494,Stornoway,GB,58.2093,-6.3865,35.56,83,75,19.57,broken clouds
495,Balkanabat,TM,39.5108,54.3671,53.2,31,1,6.69,clear sky
496,Bud,US,39.447,-86.1758,42.89,76,99,11.18,overcast clouds
497,Samagaltay,RU,50.6022,95.0047,-20.67,97,94,3.44,overcast clouds
498,Semnan,IR,35.5729,53.3971,41.74,38,7,3.6,clear sky
499,Kasane,BW,-17.8167,25.15,64.69,92,42,2.75,scattered clouds
500,Pallisa,UG,1.145,33.7094,69.17,71,83,5.88,broken clouds
501,Kokopo,PG,-4.352,152.2633,84.45,67,68,5.68,broken clouds
502,Balakhninskiy,RU,58.0106,114.2769,-30.93,100,100,1.36,overcast clouds
503,Tezu,IN,27.9167,96.1667,55.69,88,99,2.42,overcast clouds
504,Diamantino,BR,-14.4086,-56.4461,70.07,98,97,1.5,moderate rain
505,Guamuchil,MX,25.4667,-108.1,71.67,28,97,9.42,overcast clouds
506,Banepa,NP,27.6298,85.5214,43.12,93,40,3.44,scattered clouds
507,Jijiga,ET,9.35,42.8,59.27,35,38,6.62,scattered clouds
508,Beloha,MG,-25.1667,45.05,71.22,91,1,4.41,clear sky
509,Lazaro Cardenas,MX,17.9583,-102.2,79.32,57,0,8.3,clear sky
510,Xiaoweizhai,CN,26.1903,107.5125,37.26,96,100,2.39,overcast clouds
511,Opelousas,US,30.5335,-92.0815,59.85,38,0,0.0,clear sky
512,Miyazu,JP,35.5333,135.1833,32.2,80,100,4.7,overcast clouds
513,Borzya,RU,50.3833,116.5167,-8.34,98,100,4.74,overcast clouds
514,Ariquemes,BR,-9.9133,-63.0408,73.22,98,100,1.7,light rain
515,Katobu,ID,-4.9408,122.5276,77.74,91,100,5.26,overcast clouds
516,Fort Nelson,CA,58.8053,-122.7002,27.1,95,100,1.95,overcast clouds
517,Ramgarh,IN,23.6333,85.5167,66.6,53,98,3.62,overcast clouds
518,Pavilosta,LV,56.8879,21.1859,39.15,75,7,24.92,clear sky
519,Ardesen,TR,41.1911,40.9875,46.36,92,100,6.38,light rain
520,Beyneu,KZ,45.3167,55.2,31.64,81,97,20.8,overcast clouds
521,Morondava,MG,-20.2833,44.2833,77.11,81,90,8.66,overcast clouds
522,Juan Lacaze,UY,-34.4342,-57.4381,71.11,67,67,16.2,broken clouds
523,Valleyview,CA,55.0667,-117.2859,49.23,70,100,23.94,overcast clouds
524,Qasigiannguit,GL,68.8193,-51.1922,16.05,92,100,17.2,overcast clouds
525,Blagoveshchensk,RU,50.2667,127.5333,-1.59,84,75,4.47,broken clouds
526,Mier,MX,26.4333,-99.15,74.08,34,6,8.21,clear sky
527,Gat,IL,31.61,34.7642,51.08,100,45,20.78,scattered clouds
528,Wladyslawowo,PL,54.7909,18.4009,43.02,90,63,21.16,broken clouds
529,San Lawrenz,MT,36.0553,14.204,50.86,77,0,11.39,clear sky
530,Kristiinankaupunki,FI,62.2743,21.376,30.34,86,19,11.97,few clouds
531,Rapid Valley,US,44.0625,-103.1463,38.05,92,100,8.05,snow
532,Flinders,AU,-34.5833,150.8552,89.06,56,7,5.01,clear sky
533,Dengzhou,CN,37.8086,120.7508,35.76,58,2,7.47,clear sky
534,Evensk,RU,61.95,159.2333,-7.64,74,22,3.94,few clouds
535,Hudiksvall,SE,61.729,17.1036,31.5,68,10,15.26,clear sky
536,Shangzhi,CN,45.2167,127.9667,7.68,96,95,0.47,overcast clouds
537,Winona,US,43.9666,-91.7668,31.93,80,100,13.8,overcast clouds
538,Ladario,BR,-19.0047,-57.6017,75.29,42,74,1.36,broken clouds
539,Porto Velho,BR,-8.7619,-63.9039,73.72,96,100,2.19,overcast clouds
540,Cherskiy,RU,68.75,161.3,-42.39,99,84,5.37,broken clouds
541,Mombetsu,JP,44.3525,143.3525,21.7,79,17,4.25,few clouds
542,Semme,FR,46.1963,1.5007,45.01,90,49,7.02,scattered clouds
543,Orlik,RU,52.5178,99.825,-31.43,100,92,1.83,overcast clouds
544,Tefe,BR,-3.3542,-64.7114,74.91,93,77,1.57,broken clouds
545,Brigham City,US,41.5102,-112.0155,46.42,48,100,3.44,overcast clouds
546,Carnot,CF,4.9409,15.8665,65.66,27,64,2.42,broken clouds
547,Bembereke,BJ,10.2283,2.6634,74.77,14,54,4.36,broken clouds
548,Chunhuhub,MX,19.55,-88.6833,70.65,73,79,3.49,broken clouds
549,Santarem,BR,-2.4431,-54.7083,77.13,100,75,2.3,light rain
550,Nipawin,CA,53.3668,-104.0009,15.84,92,100,5.75,mist
551,Oga,IT,46.4631,10.347,29.55,29,7,3.02,clear sky
552,Juegang,CN,32.3174,121.1855,38.91,81,22,4.76,few clouds
553,West Bay,KY,19.3667,-81.4167,79.07,85,20,3.44,few clouds
554,Palasa,IN,18.7667,84.4167,65.57,81,23,3.31,few clouds
555,Inirida,CO,3.8653,-67.9239,74.25,90,95,2.21,overcast clouds
556,Linxia,CN,35.6003,103.2064,16.48,95,99,3.6,overcast clouds
557,Nicoya,CR,10.1483,-85.452,81.95,58,57,6.93,broken clouds
558,Arman,RU,59.7,150.1667,0.39,75,98,5.75,overcast clouds
559,Bokajan,IN,26.0167,93.7833,52.88,89,8,3.4,clear sky
560,Kabare,CD,-2.4683,28.8242,62.1,94,100,1.7,light rain
561,Miquelon,PM,47.0975,-56.3814,34.07,84,70,32.82,broken clouds
562,Zapolyarnyy,RU,69.4154,30.8136,24.08,94,98,9.28,overcast clouds
563,Amarkantak,IN,22.6667,81.75,52.0,90,69,4.81,broken clouds
564,Mulki,IN,13.1,74.8,74.48,83,20,0.0,few clouds
565,San,ML,13.3034,-4.8956,76.59,12,0,9.8,clear sky
566,Adilabad,IN,19.6667,78.5333,68.77,50,51,3.56,broken clouds
567,Verkhniye Tatyshly,RU,56.2912,55.8575,18.57,90,100,12.17,overcast clouds
568,Ayan,RU,56.45,138.1667,13.86,94,100,8.88,light snow
569,Sept-Iles,CA,50.2001,-66.3821,30.06,93,99,4.0,overcast clouds
570,Muhos,FI,64.808,25.9931,23.9,92,98,7.74,overcast clouds
571,Virudunagar,IN,9.6,77.9667,73.8,79,17,6.46,few clouds
572,Kloulklubed,PW,7.0419,134.2556,82.9,80,100,12.8,moderate rain
573,Asaba,NG,6.2006,6.7338,77.72,76,9,6.82,clear sky
574,Khasan,RU,42.4308,130.6434,25.18,73,75,3.98,broken clouds
575,Bhakkar,PK,31.6253,71.0657,53.33,48,0,4.68,clear sky
576,La Roche-Sur-Yon,FR,46.6667,-1.4333,44.15,93,100,6.91,overcast clouds
577,Somerset,US,40.5668,-74.5496,44.31,64,0,5.01,clear sky
578,Port Hardy,CA,50.6996,-127.4199,45.75,94,100,10.09,overcast clouds
579,Catuday,PH,16.2923,119.8062,77.54,70,95,9.64,overcast clouds
580,Filadelfia,US,39.9523,-75.1638,45.99,61,8,4.0,clear sky
581,Zacatecoluca,SV,13.5,-88.8667,81.23,59,64,4.61,broken clouds
582,Peniche,PT,39.3558,-9.3811,58.62,91,14,6.13,few clouds
583,Pingliang,CN,35.5392,106.6861,14.9,85,87,5.61,overcast clouds
584,Mehran,IR,33.1222,46.1646,58.37,30,42,16.24,scattered clouds
585,Charleston,US,32.7766,-79.9309,51.03,76,20,0.0,few clouds
586,Kysyl-Syr,RU,63.8986,122.7617,-41.39,100,93,1.59,overcast clouds
587,Hovd,MN,48.0056,91.6419,-9.31,93,96,2.59,overcast clouds
588,Villa Rica,US,33.7321,-84.9191,56.53,41,1,5.32,clear sky
589,Denpasar,ID,-8.65,115.2167,78.46,88,40,2.3,scattered clouds
590,Soe,ID,-9.8607,124.284,73.62,80,88,1.23,overcast clouds
591,Clovis,US,36.8252,-119.7029,74.46,43,75,4.61,haze
592,Nishihara,JP,26.1842,127.7558,65.48,82,75,18.41,broken clouds
593,Saint-Augustin,CA,51.226,-58.6502,26.29,80,92,15.57,overcast clouds
594,Kamenka,RU,51.3223,42.7678,26.65,91,100,9.33,overcast clouds
595,Rumphi,MW,-11.0186,33.8575,64.65,96,100,1.28,light rain
596,Sherkot,IN,29.35,78.5833,49.06,92,1,6.08,clear sky
597,Magadan,RU,59.5667,150.8,0.84,74,97,4.34,overcast clouds
598,Kropotkin,RU,45.4375,40.5756,31.69,83,70,8.9,broken clouds
599,Limulunga,ZM,-15.0969,23.1376,67.01,91,99,2.73,light rain
600,Plastun,RU,44.7561,136.2939,18.81,62,100,3.15,overcast clouds
601,Beidao,CN,34.5686,105.8933,21.42,86,93,3.6,overcast clouds
602,Cassilandia,BR,-19.1133,-51.7342,73.45,81,97,3.36,overcast clouds
603,Hof,DE,50.3167,11.9167,42.93,88,40,3.44,scattered clouds
604,Manadhoo,MV,5.7667,73.3833,80.53,74,43,8.05,scattered clouds
605,Alta,NO,69.9689,23.2717,22.24,68,94,10.36,overcast clouds
606,Panaba,MX,21.2833,-88.2667,68.9,83,67,8.79,broken clouds
607,Ucluelet,CA,48.9329,-125.5528,49.08,92,100,3.89,overcast clouds
608,Chara,RU,56.9064,118.2631,-22.0,91,100,0.74,overcast clouds
609,Rochester,US,43.1548,-77.6156,43.43,74,99,1.99,overcast clouds
610,Chapais,CA,49.7834,-74.8492,24.98,96,100,10.36,light snow
611,Waddan,LY,29.1614,16.139,49.41,63,34,7.29,scattered clouds
612,Fortuna,US,40.5982,-124.1573,74.08,54,20,5.75,few clouds
613,Kamskiye Polyany,RU,55.4307,51.4171,25.61,88,100,15.19,snow
614,Portland,US,45.5234,-122.6762,61.61,69,95,3.0,overcast clouds
615,Romny,UA,50.751,33.4747,32.31,84,77,11.1,broken clouds
616,Te Anau,NZ,-45.4167,167.7167,72.97,45,19,5.55,few clouds
617,Port Lincoln,AU,-34.7333,135.8667,67.69,54,70,8.99,broken clouds
618,Vila Do Maio,CV,15.1333,-23.2167,73.26,81,73,6.89,broken clouds
619,Launceston,AU,-41.45,147.1667,71.62,52,96,5.75,overcast clouds
620,Berkak,NO,62.825,10.0118,28.87,92,100,11.72,snow
621,San Ramon,US,37.7799,-121.978,74.8,31,53,4.0,broken clouds
622,Mato Verde,BR,-15.3972,-42.8664,72.3,87,100,2.75,moderate rain
623,Haskovo,BG,41.9403,25.5694,40.62,88,75,4.41,broken clouds
624,Svetlogorsk,BY,52.6333,29.7333,33.71,99,100,13.18,light snow
625,Cesme,TR,38.3228,26.3064,40.71,62,8,27.65,clear sky
626,Stony Plain,CA,53.5334,-114.0021,42.66,70,100,10.36,overcast clouds
627,Loukhi,RU,66.0764,33.0381,21.83,95,94,7.56,overcast clouds
628,Khuzhir,RU,53.1939,107.3397,0.73,78,100,6.89,overcast clouds
629,Tra Vinh,VN,9.9347,106.3453,79.27,75,71,11.23,broken clouds
630,San Marcos,US,33.1434,-117.1661,86.29,16,0,8.12,clear sky
631,Brae,GB,60.3964,-1.353,39.11,69,81,26.46,broken clouds
632,Grand Gaube,MU,-20.0064,57.6608,74.37,75,61,4.0,broken clouds
633,Urla,TR,38.3229,26.764,47.21,69,8,22.79,clear sky
634,Yar-Sale,RU,66.8333,70.8333,0.82,96,24,12.24,few clouds
635,Teya,RU,60.3778,92.6267,-11.76,98,97,2.13,overcast clouds
636,Gorontalo,ID,0.5412,123.0595,79.61,84,100,2.75,overcast clouds
637,Corinto,GR,37.9407,22.9573,52.9,65,15,1.28,few clouds
638,Port Hawkesbury,CA,45.6169,-61.3485,32.92,89,40,9.22,scattered clouds
639,Petropavlovsk-Kamchatskiy,RU,53.0452,158.6483,18.19,79,75,6.71,broken clouds
640,Nelson Bay,AU,-32.7167,152.15,90.28,52,3,1.99,clear sky
641,Yarensk,RU,62.1675,49.0916,18.77,94,100,8.93,light snow
642,Visnes,NO,59.3556,5.2242,41.05,65,20,29.93,few clouds
643,Vila Franca Do Campo,PT,37.7167,-25.4333,58.19,80,7,9.13,clear sky
644,Dunedin,NZ,-45.8742,170.5036,61.95,96,100,6.17,overcast clouds
645,Prince Rupert,CA,54.3161,-130.3201,46.49,93,100,8.05,moderate rain
646,Sapele,NG,5.8941,5.6767,77.68,85,11,2.84,few clouds
647,Lasa,IT,46.6166,10.7002,35.29,31,7,2.95,clear sky
648,Ekibastuz,KZ,51.6667,75.3667,-9.35,100,53,3.29,broken clouds
649,Charters Towers,AU,-20.1,146.2667,81.7,56,62,3.78,broken clouds
650,Aksarka,RU,66.5606,67.7975,0.46,98,99,8.59,overcast clouds
651,Manta,EC,-0.95,-80.7333,74.97,84,87,8.59,overcast clouds
652,Jian,CN,27.1172,114.9793,40.08,88,96,2.66,overcast clouds
653,Itatiaia,BR,-22.4961,-44.5633,67.73,94,89,3.13,overcast clouds
654,Palaikastron,GR,35.2,26.25,51.75,59,38,36.62,scattered clouds
655,Korem,ET,12.5058,39.5228,55.58,48,62,1.95,broken clouds
656,Kargopol,RU,61.5071,38.9456,20.62,97,94,5.37,overcast clouds
657,Kendari,ID,-3.945,122.4989,75.09,95,100,2.93,light rain
658,Roros,NO,62.5747,11.3842,28.24,74,20,17.27,few clouds
659,Othaya,KE,-0.5652,36.9609,53.71,69,71,5.28,broken clouds
660,Beruwala,LK,6.4788,79.9828,74.26,84,89,5.1,overcast clouds
661,Luwuk,ID,-0.9516,122.7875,81.93,77,100,0.69,overcast clouds
662,Chemal,RU,51.4111,86.005,-2.6,98,96,3.27,overcast clouds
663,Roald,NO,62.5833,6.1333,39.16,87,100,23.02,overcast clouds
664,Ballina,AU,-28.8667,153.5667,77.77,66,3,5.12,clear sky
665,Blind River,CA,46.1834,-82.9582,35.71,98,100,11.34,overcast clouds
666,Neiafu,TO,-18.65,-173.9833,81.45,77,96,24.05,light rain
667,Bereda,ES,43.2686,-7.5406,47.95,97,5,2.84,clear sky
668,Nordhausen,DE,51.5167,10.8,48.06,92,99,4.05,overcast clouds
669,Inta,RU,66.0317,60.1659,14.68,70,3,18.79,clear sky
670,Paita,PE,-5.0892,-81.1144,77.56,76,100,14.63,overcast clouds
671,Belgrade,RS,44.804,20.4651,42.46,85,0,5.75,clear sky
672,Hrymayliv,UA,49.3321,26.0111,37.24,96,99,13.13,overcast clouds
673,La Brea,HN,15.8,-85.9667,70.39,95,92,3.38,overcast clouds
674,Amarante Do Maranhao,BR,-5.5667,-46.7422,72.32,96,60,1.72,broken clouds
675,Iquique,CL,-20.2208,-70.1431,67.53,74,21,2.44,few clouds
676,Marienburg,PL,54.0359,19.0266,43.12,77,90,14.41,overcast clouds
677,The Pas,CA,53.8251,-101.2541,8.62,78,100,4.61,overcast clouds
678,Bundaberg,AU,-24.85,152.35,84.22,55,2,5.01,clear sky
679,Turukhansk,RU,65.8167,87.9833,-24.99,99,31,6.78,scattered clouds
680,Great Falls,US,47.5002,-111.3008,51.6,40,0,19.57,clear sky
681,Yulara,AU,-25.2406,130.9889,83.07,26,21,17.87,few clouds
682,Anloga,GH,5.7947,0.8973,80.67,84,5,9.24,clear sky
683,Flagstaff,US,35.1981,-111.6513,59.67,19,0,1.99,clear sky
684,Yumen,CN,40.2833,97.2,20.28,49,100,10.18,overcast clouds
685,Mayor Pablo Lagerenza,PY,-19.9309,-60.7718,78.13,30,7,3.29,clear sky
686,Rocha,UY,-34.4833,-54.3333,62.67,80,6,7.14,clear sky
687,Port Hedland,AU,-20.3167,118.5667,84.25,74,9,14.97,clear sky
688,Burns Lake,CA,54.2331,-125.7533,46.0,83,93,14.23,overcast clouds
689,Matara,LK,5.9485,80.5353,74.79,84,97,4.14,overcast clouds
690,Goshen,US,41.5823,-85.8344,37.35,84,99,12.48,overcast clouds
691,Alekseyevsk,RU,57.8406,108.3492,-26.99,100,97,0.78,overcast clouds
692,Galle,LK,6.0367,80.217,77.74,73,90,2.82,overcast clouds
693,Penzance,GB,50.1186,-5.5371,45.61,83,100,10.07,overcast clouds
694,Jequie,BR,-13.8575,-40.0836,72.48,93,17,3.04,few clouds
695,Duncan,US,34.5023,-97.9578,62.82,17,0,5.75,clear sky
696,Gusinoye Ozero,RU,51.1144,106.2614,-5.66,89,100,3.98,overcast clouds
697,Westport,US,41.1415,-73.3579,40.1,76,0,7.0,clear sky
698,Marsa Matruh,EG,31.3525,27.2453,54.88,50,88,19.82,overcast clouds
699,Zeya,RU,53.75,127.2667,1.44,84,100,3.31,overcast clouds
700,Braganca,BR,-1.0536,-46.7656,73.38,98,55,1.12,broken clouds
701,San Carlos De Bariloche,AR,-41.1456,-71.3082,64.15,42,0,23.02,clear sky
702,Mizdah,LY,31.4451,12.9801,44.29,74,7,7.23,clear sky
703,Kuching,MY,1.55,110.3333,75.42,94,40,2.3,light rain
704,Kincardine,GB,56.0667,-3.7167,37.83,94,91,13.47,overcast clouds
705,Razole,IN,16.4833,81.8333,64.42,91,31,3.96,scattered clouds
706,Vostochnyy,RU,55.8167,37.8667,31.3,96,93,6.22,overcast clouds
707,Qandala,SO,11.472,49.8728,72.16,51,53,4.81,broken clouds
708,Goulburn,AU,-34.75,149.7167,82.15,36,4,9.51,clear sky
709,Eydhafushi,MV,5.1033,73.0708,80.31,75,31,7.34,scattered clouds
710,Honningsvag,NO,70.9821,25.9704,26.53,79,37,27.11,scattered clouds
711,Saint-Joseph,RE,-21.3667,55.6167,73.78,80,67,3.49,broken clouds
712,Lewistown,US,40.5992,-77.5714,47.14,60,20,0.0,few clouds
713,Sakakah,SA,29.9697,40.2064,55.47,39,41,14.76,scattered clouds
714,Sao Jose Da Coroa Grande,BR,-8.8978,-35.1478,79.7,75,92,10.22,overcast clouds
715,New Bern,US,35.1085,-77.0441,50.0,83,0,3.44,clear sky
716,Farah,AF,32.5,62.5,43.66,37,0,2.01,clear sky
717,Samastipur,IN,25.85,85.7833,60.76,75,88,5.06,overcast clouds
718,Roma,US,43.2128,-75.4557,44.4,69,100,5.75,overcast clouds
719,Sur,OM,22.5667,59.5289,67.44,65,2,3.13,clear sky
720,Araouane,ML,18.9048,-3.5265,66.04,12,0,11.86,clear sky
